Uuid;Title;Color;Shape;PositionX;PositionY;PositionZ
06a5e138-04c4-4059-954f-4d9a05ccc8eb;Mental Health;4CAF50;Ball;-0.7750854;0.3700247;0.2137297
b75d582d-9229-4897-8072-0edffaa17927;I Am Worried About the Elderly health How To Check  Them;907A47;Plus;-0.3341778;0.5253968;-0.08662765
df261cab-8bde-413b-89dc-a58cdeb6ffbe;Health;E0C3DD;Plus;-1.045.334;0.2655563;0.5424867
f89bb8a9-9790-4591-b25c-dfec8bbef39d;Anxiety;1C1C1C;Ball;-0.9446453;0.1176763;0.2821029
f39ecf77-ecd8-4226-8247-3b8356b1c51b;Stigma In Society;3F51B5;Diamond;-0.730159;0.2381339;0.4794515
a13e454a-af10-4b71-9bd1-b35807c19520;Toxic Masculinity ;3F51B5;Diamond;-0.6285756;0.1269245;0.6092917
779559e2-3bff-4352-873c-91e99b0cffff;Healthcare;2196F3;Plus;-0.9748033;0.04152751;0.6627198
26f5d1f0-5add-4c98-8ac4-5c99d8038959;Sleeping Problems;1C1C1C;Ball;-1.024.111;0.1912904;0.07861482
05583807-c55a-45f5-a279-2c920ecec075;Depression;3F51B5;Diamond;-0.6048943;0.133904;-0.005085275
d6f129db-4748-4213-95cf-356931c858f0;Not Enough Therapists;3F51B5;Diamond;-0.7822455;-0.09246659;0.833667
0c0c1755-c6c3-42bc-acbe-fc6176e0e0ba;Loneliness;3F51B5;Diamond;-0.5969862;0.1316376;0.224085
9eaf87cc-86d5-4dd0-8480-1fb819b38311;Parents;2196F3;Plus;-0.3004127;0.03193665;0.3182719
1a456d38-2c39-4601-802f-4a659ed43810;Criminalisation;3F51B5;Diamond;-0.552175;0.1497436;0.4528267
c02b3925-714e-42e8-9b2b-65a3492c5c41;Isolation;1C1C1C;Ball;-0.885282;-0.05358505;0.249168
732bbdb0-3e20-4ac8-a995-61a4b2492ec9;Physical Health Issues;3F51B5;Diamond;-0.9468921;-0.01125252;0.009997889
dec96b13-ea1d-4093-a651-ca7d029d792e;Covid;1C1C1C;Ball;-0.5357606;-0.02481711;-0.07067372
2095035b-439e-4d71-8903-416b7e88697d;Not Enough Sensibility;3F51B5;Diamond;-0.746456;-0.06614625;0.5895944
d40ce74b-62b2-441c-a066-57fb9832c80d;Exercise;1C1C1C;Ball;-0.7760233;0.1611352;-0.03438076
47a7c403-7945-46ec-a986-f62a9fbf5bbe;Lacking Awareness;3F51B5;Diamond;-0.7008634;0.2905409;0.6635737
4fafecbd-8f68-487c-935a-7dd58c992ca8;Group;2196F3;Plus;-0.6173371;-0.2122409;-0.1718984
736e1d46-a1c7-4867-9fb6-6fdd7011bf91;Cold Shower;1C1C1C;Ball;-0.9610376;0.007435322;0.392709
af66c7ca-67e9-458c-a7be-3967cbc1b241;Health Care;3F51B5;Diamond;-0.9314442;0.2905602;1.546.957
e7b7e061-e27e-43a1-8ec7-4fdd912f2a7d;Parents care;2196F3;Plus;-1.083.463;0.127151;1.752.965
b5e90c48-6e9d-4db0-b7fe-0b1ebf06181d;More Funding;3F51B5;Diamond;-0.6977298;0.1641023;1.587.586
850dbd94-26cd-42a1-96e7-7aae85419980;Raising Awareness;3F51B5;Diamond;-0.8766541;0.1694517;1.782.021
54710959-7627-44f0-a6be-e2c6bf9b2251;Better Training For Mental Health Professionals;3F51B5;Diamond;-0.7552242;0.03533983;1.754.109
33964b5d-0070-4b9f-b9b2-96e1989c9769;Education System;3F51B5;Diamond;-0.9376303;0.1660571;1.926.049
9738fe6a-43f8-42f5-a3d4-507b62e12956;Better Insurance Coverage;3F51B5;Diamond;-0.750224;0.1187415;1.434.913
555b7c52-ee22-42b7-9800-3d139fe6ad9d;First Responders;3F51B5;Diamond;-0.8361275;-0.002545357;1.554.717
f182bddc-7185-46e5-8a5a-13a35fa9c5e0;Destigmatizing;3F51B5;Diamond;-0.8252736;0.01454306;1.884.389
06cc9136-14d0-4787-a532-6e5ee9cff8c6;Intersectionality;3F51B5;Diamond;-0.6249462;-0.06886744;1.604.409
f135f2e2-2083-4fa2-9d6b-bf9b3340550e;Cheaper Medication;3F51B5;Diamond;-0.6851558;0.3343527;1.436.436
3e77f6e9-9066-4549-a963-5b31a65bf425;Mental Health;C66115;Cylinder;-0.3003633;2.175.745;1.129.354
a207f795-f1f5-4692-8fe5-a911bfcf5a0c;Disease;C66115;Cylinder;-0.3977379;2.143.247;1.023.736
2730b292-8e94-4d83-8960-0e6405dfac73;Pressure;C66115;Cylinder;-0.3558654;2.029.809;1.116.741
7ff7aa93-c81c-49c3-b125-61b12a1e50b8;Mental Health;4CAF50;Plus;5.374.586;2.789.175;-0.7635088
ca2d67f3-1f3e-404f-ba68-a24642f408e8;Pressure;C66115;Cylinder;4.812.137;2.711.728;-0.96248
9355acec-be25-4b30-8f33-5ed4e6937443;Work Stress;B9322B;Plus;4.642.264;273.093;-0.8156145
def7826e-d55b-4c3d-aec9-c660767909d9;Family;C66115;Cylinder;4.740.378;2.605.527;-1.063.158
3e1c4d53-fe5f-4e62-ad3a-24cbe488c5ce;Depression;B9322B;Plus;5.353.743;2.767.724;-1.218.326
816c3e1a-9fca-464d-a382-5f428be50235;Disease;C66115;Cylinder;5.212.167;2.729.494;-1.126.772
d1472e20-ee49-4923-818a-89e878626a0e;Identity Crisis;B9322B;Plus;4.919.042;2.572.875;-0.7103442
89a3c17d-0959-494e-aa18-cd2331cc0411;Peer Pressure;C66115;Cylinder;4.680.597;2.605.664;-0.9465585
13ac7a35-a774-4a85-ad00-72e09e4e9314;Hormonal Changes;B9322B;Plus;5.436.174;2.731.975;-0.9863975
766980a2-0e6d-4a5d-9a64-2dcb43adb405;Hospital;4CAF50;Ball;5.513.278;2.525.272;-0.8490493
f075efdf-66e3-465e-931d-133fb1abf4db;School;C66115;Cylinder;479.031;2.616.667;-1.176.666
7e6dece6-3f6a-47eb-b0ce-b956308119ac;Lack Of Sleep;B9322B;Plus;5.080.635;2.626.863;-1.106.956
e674155f-d642-4db7-9b0f-aa8e8051ad32;Malnutrition;B9322B;Plus;5.027.829;2.586.786;-0.9195974
499c4b62-45e8-42f1-91ac-da57eac4350e;Colleague;C66115;Cylinder;4.540.952;2.608.929;-0.871671
d8ad9fcf-94a8-4057-8a62-c1b94e5bc8a6;Boss;C66115;Cylinder;4.720.689;2.627.842;-0.7264037
5cca9248-e02f-4790-895b-fbbb228f4bb2;Lack Of Physical Activities;B9322B;Plus;4.926.577;2.637.276;-1.032.446
7c69e2f2-5dc3-4fd7-83ec-18db86145d2a;Self Expectation;C66115;Cylinder;4.900.991;2.727.503;-111.397
5ef15607-1168-4206-a0e5-aff0f0b02bd8;Physical Unease;B9322B;Plus;493.992;2.756.124;-0.9993081
d96371fd-cfb7-4c04-8dff-48df72b4d83d;Doctor;4CAF50;Ball;5.340.512;2.470.656;-1.098.652
9ec2e5a8-c346-4e9f-8d89-317a91b4ba8c;Loneliness;B9322B;Plus;531.849;2.606.095;-0.8602399
33bd26e6-4110-40f3-87b0-5c7c8beb4dd0;Poverty;B9322B;Plus;519.329;2.620.386;-0.7188972
f71c01b4-61c3-419b-9cf4-5402b6e380e6;Unemployment;C66115;Cylinder;5.132.374;262.688;-0.8346838
a26d697a-326e-4bf2-822e-2cecdf3b9a66;Stress;4CAF50;Ball;5.244.708;2.587.961;-123.234
a357d79a-2cf3-4e5a-8d59-ee61444f5890;Workplace Stress;B9322B;Plus;4.898.688;107.716;0.1031713
4bfd5be1-f2df-4d14-aa06-aaa657f60e01;Reduce Work Hours;C66115;Cylinder;4.632.196;1.127.717;0.4107138
c22b7b3b-f03d-4056-9be4-bbd328e58175;Work Life Balance;B9322B;Plus;486.962;0.9995565;0.2354069
7eafff84-5b4c-4d0c-911d-a6cb4fa0e846;Communicating Openly;B9322B;Plus;4.750.747;1.320.709;0.00173302
0f069449-2c24-47dd-8a93-f8a5ff48f96b;Family Day;C66115;Cylinder;4.781.528;0.9795618;0.423115
af7b04ca-9680-4935-aaf0-8ee94c28b867;Listen to Music;4CAF50;Ball;5.137.671;0.9743595;0.05459666
2797ea6a-23b5-4b38-a866-e76730afe1fe;Enough Sleep;B9322B;Plus;485.977;1.351.321;0.3915508
99f810d4-858d-4d42-a107-2fb34ab3fb8c;Enough Exercises;B9322B;Plus;5.031.909;0.920475;0.2358068
0e24ed90-fa5f-4b10-a45c-b311c2cc210f;Recognition ;C66115;Cylinder;4.788.289;1.177.283;0.08741458
c14e7418-e870-4f20-807f-8530e30aa53c;Fair Evaluation;C66115;Cylinder;4.611.496;1.272.658;0.06808008
bb6cb46e-37b7-4bcf-bb91-9049876823ab;Buy Device;4CAF50;Ball;4.984.926;0.9889398;0.04555202
f8629a1f-cce0-47f7-93b0-7072676f8357;Taking Breaks;B9322B;Plus;4.669.975;1.100.344;0.5437182
68ecf7f8-1e53-4745-a997-782674818b82;Social Activity;C66115;Cylinder;4.912.894;0.8975003;0.2963127
44d5b082-be8f-4e26-bdf6-e484983e5d65;Exercises Equipment;4CAF50;Ball;4.937.054;0.8163161;0.07517406
447d70e9-677b-49ed-a388-9d65c728181f;Physical Wellbeing;B9322B;Plus;5.157.828;1.256.937;0.08606547
188cbab1-46b3-4a4e-bd25-3193ab8bddc5;Company Tour;C66115;Cylinder;4.838.509;0.8634808;0.5100922
919f8ded-1deb-44c2-8e35-872b404aaea1;Mental Health;4CAF50;Ball;3.592.855;0.2254972;-0.7119081
12b3a950-be9d-48b0-ba2f-144688cb9c16;Anxiety;4CAF50;Tetra;3.534.841;0.2721155;-0.9887518
cb7854d4-91a5-44f0-9b0c-d5fac4b862ac;Depression;8BC34A;Cylinder;3.913.587;0.02851987;-1.003.016
576e9cff-5d40-4bc6-89d5-64a7be82e86d;Stress;4CAF50;Tetra;3.458.744;0.04553032;-0.9637053
9212d48c-3f4f-4099-9b1f-43935c2814c0;Unhealthy Social Connections;4CAF50;Ball;476.669;2.089.111;-0.5999371
8bda157d-7fc1-44ab-a289-6e9a5eb91f81;Accessibility;B9322B;Plus;378.461;0.2451344;-0.4657158
d40768f4-7e8d-4e1c-8e5c-09c49578a508;Study;8BC34A;Cylinder;3.926.964;0.05299354;-1.186.627
4113b6b7-12c2-4408-9102-22a08cfa2272;Awareness;B9322B;Plus;3.876.167;0.5479457;-0.7542523
fa961852-5073-455d-940f-508e168fb323;Family Issue;4CAF50;Tetra;3.421.633;0.1837511;-1.056.439
e178924e-643c-41fb-9405-22d134551f75;Brain ;4CAF50;Tetra;3.452.389;-0.01827025;-0.5986233
207712fd-3e37-4eeb-8453-ed8c83b11f7e;Stereotypes;B9322B;Plus;3.876.339;0.8624997;-0.7277678
892e6f67-75ec-4778-ac8b-5181cf11f193;Social;8BC34A;Cylinder;4.024.828;-0.2653606;-0.8588895
93c87b60-10cf-4381-8aab-61e634d94736;Alcohol Abuse;4CAF50;Tetra;3.320.195;0.02483654;-0.7748861
ea322ad1-9a3c-4c08-8b45-a35aa7a8edd4;Drug Abuse;4CAF50;Tetra;3.530.009;-0.1285689;-0.8410488
3bfb8188-a327-4e1d-9f05-e04d04b759b1;Cognitive Behavior Treament;4CAF50;Tetra;3.352.934;0.4315743;-0.9203289
19d392a1-53dd-41fc-b3f4-36045a157ffd;Social Media;B9322B;Plus;3.850.708;0.3922095;-0.6968158
9c1e200c-8f96-4162-8315-4ee89d149e78;Acceptance;B9322B;Plus;3.708.982;0.3520017;-0.4928486
8d47c659-0393-4943-b1ed-649a625d2427;Status Quo;B9322B;Plus;3.916.497;0.7126515;-0.8083669
36f0d4ef-5a8e-40da-9939-5fd24732cb0f;Resources;B9322B;Plus;364.097;0.6370525;-0.5226191
9ba048a8-d8c9-4192-8926-79ce315178f6;Expectation;8BC34A;Cylinder;3.967.133;-0.1945553;-10.747
e8cb9741-dfa5-4b78-892f-99f171541f06;Childhood Trauma;4CAF50;Tetra;3.361.754;0.07223248;-0.5103367
e71f79f7-0c86-49b6-8507-7e3f50bdd267;Good Looking ;4CAF50;Tetra;336.948;0.7402372;-0.6522859
17ee5275-e7e7-4a58-a4a5-6d3692505c78;Death;4CAF50;Diamond;3.598.799;-0.03941047;-0.7043456
d27f316e-7ef3-4cfd-a247-ee1c442efea4;Over Thinking;8BC34A;Cylinder;4.281.544;0.2936647;-0.5845539
c6948242-784b-4b33-b243-764aaf802f18;Genetic Disorders;B9322B;Plus;3.869.428;0.7909052;-0.5957658
df5de687-b22f-4361-8bad-b1c188acce16;Contributing Factors;B9322B;Plus;3.863.918;0.6758957;-0.6503367
1967b9bb-18c1-42ec-b8b9-bed0ab9ee837;Manifestations;B9322B;Plus;3.904.355;0.7288995;-0.3174739
740615ad-02e1-4e1d-8828-40b685154d02;Health;8BC34A;Cylinder;3.894.627;0.1437654;-1.303.513
d9743cfe-3da8-49fa-a10b-264e3f35a7e8;Mental Health Disorders;B9322B;Plus;3.961.504;0.6089561;-0.477608
704370bd-ea40-4dd8-8e5c-79b73e288f65;Mid-Life Crisis;8BC34A;Cylinder;3.748.851;0.3183177;-1.766.558
16f34339-0dc0-4f41-8ea7-7c0a3bbab7f6;Making New Social Connections;4CAF50;Star;3.442.566;0.8574123;5.067.841
2c0371d1-5c41-4e01-a86e-3a0a3a0820b6;IPhone;4CAF50;Star;4.621.507;2.068.816;-0.3454426
7a9891c3-cf27-4850-bd78-c346725797ea;Games;8BC34A;Cylinder;4.572.794;1.931.245;-0.9822741
1417d1c1-8a4c-4336-ac10-f0c255bab772;News;4CAF50;Tetra;4.540.944;2.060.653;-1.024.001
851b9449-9d05-4fff-babd-125395591174;No Phone;4CAF50;Star;4.613.554;1.957.791;-0.340185
8182849f-edf8-492e-a6bc-6c08baa4b777;Conversations;4CAF50;Tetra;4.506.006;1.725.707;-0.7918748
5f26044f-2be2-4b55-868a-64343611aac6;Equality;4CAF50;Star;4.641.205;1.868.081;-0.4831152
00f2530e-c736-48d2-8c87-9cd7f25b8aae;Friends;4CAF50;Tetra;4.521.021;1.533.929;-1.116.786
19d12755-1158-41c1-b5ec-23ba269cf184;VR XR AR;8BC34A;Cylinder;456.211;1.812.883;-1.004.014
31b16163-b0e5-4a78-bb14-b2a4b5b21d89;Avatar;4CAF50;Star;4.626.916;2.287.431;-0.419429
fed530f4-7e7a-4216-b0f4-1572ee29a2d3;Sibilings;4CAF50;Tetra;4.551.622;1.656.757;-1.034.385
92e7597d-d85d-43e0-bee7-aea13f0ccf28;Parents;4CAF50;Tetra;4.457.068;1.509.657;-0.9835769
f30d698d-a9f7-45d5-80f3-f2b8d0429246;Bulling;4CAF50;Star;4.485.131;2.394.049;-0.1897456
73908c5c-eda0-4c39-976a-2da71b9449ca;User;4CAF50;Star;4.912.159;1.871.682;-0.6298953
d1583ff2-68dc-4216-981d-b4892720b0d9;Mental Health;FFEB3B;Star;332.672;1.740.856;-1.242.491
ab20c5b1-ce14-4ca9-a364-5124bc276088;Help;4CAF50;Ball;3.293.845;1.368.023;-1.332.348
0e3f430a-8410-4d5c-bce5-ff9e1721fb1f;Finance;4CAF50;Ball;3.455.406;1.376.072;-1.412.506
1aa4e8e9-bcd1-4259-a7ad-14f8f4b71018;Inprivacy;4CAF50;Ball;3.800.629;1.243.601;-175.763
1d10ffb2-b41f-4043-b990-5fba652cf962;Policy;4CAF50;Ball;3.155.283;1.517.494;-0.8546264
a4e5728a-cd2f-40f9-9b36-047adc344b15;Anti Social;8BC34A;Diamond;3.706.583;1.478.819;-0.5935219
e5d04db3-4deb-4f7f-970e-94efd15e20b7;Family;4CAF50;Ball;31.408;1.165.194;-1.177.888
fb354769-4d87-4843-80a0-ee85f02dac20;Suicidal;8BC34A;Diamond;3.465.624;1.270.019;-0.4088113
aa877ae4-f8f1-40bb-9e06-70b0ea1b53dc;Work Culture;4CAF50;Ball;2.995.343;1.827.095;-11.177
6c83b937-002e-4f6a-8475-aefb1d5294c0;Finance;4CAF50;Ball;2.778.014;1.599.171;-1.120.469
a2b0cf69-9c26-467c-808d-0b8ae8a1ef5c;Self Awareness;4CAF50;Ball;3.237.844;1.580.086;-0.9572932
8160ebee-8cb1-4a16-b679-0c31d925f961;Emotional First Aid;4CAF50;Ball;3.123.437;1.429.514;-1.037.536
6119bcc1-04eb-4bcc-a55a-b55c4383febe;Body Shaming;8BC34A;Diamond;3.980.179;1.400.922;-0.734113
f6fe8bb6-3732-4f26-bb9f-e43031953f4e;Support System;4CAF50;Ball;3.193.266;1.281.443;-1.335.078
24d3dce4-c005-42b2-958f-dca80327a992;Therapy Resources;4CAF50;Ball;3.194.982;1.330.705;-122.876
145970a1-90e7-4fa2-bf96-d0d409d17536;Sweet;8BC34A;Diamond;4.002.169;1.084.141;-0.7402726
f161d0dd-624d-4a90-bcaf-3af3107f23c4;Lack Of Therapists;4CAF50;Ball;2.930.905;1.305.041;-0.9895223
0565e06c-0f9c-48a9-8960-5966c7b5be62;Sleeping Disorder;8BC34A;Diamond;3.666.442;1.216.257;-0.3474568
bca3c408-017a-4fad-97bd-fb8c2c086c97;Anxiety;8BC34A;Diamond;3.634.735;11.605;-0.07420315
7688fbdb-61ef-4c66-b6b0-3594fcb15155;Friends;4CAF50;Ball;2.989.834;1.241.414;-1.285.856
f992b77a-970b-4ee1-911d-f99319316d50;Everyday Life Stresses;4CAF50;Ball;2.993.165;1.443.466;-0.8662643
2bbbdcbb-df16-423a-82c2-1974e89351c2;Social Media;4CAF50;Ball;2.888.973;1.177.657;-1.120.242
24752dcc-184d-49ab-912d-751ba9e1130a;Bully;8BC34A;Diamond;3.864.568;1.081.903;-0.5047757
4cf55fba-7eef-46e6-94df-8f8c904bfedc;Emotional Repression;8BC34A;Diamond;3.785.367;0.9228988;-0.2510813
1ee23ad4-abba-47f9-89b2-65fd087002d8;Taboo;4CAF50;Ball;2.849.583;1.863.603;-1.304.523
07522bd4-945f-4bf3-bf5c-438199dbf0c3;Education;4CAF50;Ball;2.725.816;1.662.611;-1.277.495
00712cd0-15ae-47ee-b5da-5ecb1f2bc496;Family Pressure;8BC34A;Diamond;3.528.165;0.9727678;-0.04410701
1e1fb6fc-e173-4a36-ae44-79fb3eb311a6;Crying;8BC34A;Diamond;3.318.341;1.084.184;-0.1902515
cad01154-17a2-4c86-b5a5-5c17890ce8d8;Taboo;4CAF50;Ball;3.160.135;119.108;-1.595.921
ede211d1-82e4-4de1-b3e9-3049947899d7;Chocolate;8BC34A;Diamond;4.058.932;1.179.376;-0.9820079
b5251bd4-6e50-4cf5-889c-1fce9d8d44a0;Sports For Fun Only;4CAF50;Ball;3.791.029;1.480.249;-1.003.125
3f6fbfb6-79f1-4a09-829a-6a813a2e644e;Media Representation;F44336;Star;3.704.223;2.387.591;-0.396899
c82d8be8-7ea8-492b-9ade-4dacc7c5e623;Confidence Training;4CAF50;Ball;359.642;1.438.143;-0.9229033
ba7d989c-ce5f-436e-801b-67f5f2e42c63;Solutions To Body Shaming;4CAF50;Tetra;3.652.194;2.316.256;-0.188346
fd0a75c4-e408-4cc0-95cb-dc71bcb47c3c;Confidence;8BC34A;Diamond;3.954.533;2.113.708;-0.1947103
1dd988ab-0b96-4297-a6dc-084757290dff;Healthy Eating;4CAF50;Tetra;3.576.957;2.056.541;-0.2115505
16c041a4-7fe6-45ea-b514-c987df5c6dda;Triggerwarnings;4CAF50;Ball;3.665.247;1.267.811;-0.8558618
47a55363-24fa-49c6-951c-db0df710c05c;Don't Care;8BC34A;Diamond;3.987.427;2.043.727;-0.1047049
9d5b7f58-ddda-4944-b656-33b19085b417;Representation Of All Body Typ In The Media;4CAF50;Tetra;3.456.362;2.250.764;-0.3964965
8a0ec6a7-dc9a-46b8-94ed-5c41dd5633d1;Social Media;4CAF50;Ball;3.790.643;1.331.673;-0.9476146
131f6b19-523d-46b6-b88f-e1e6a5ca3f3d;Positive Representaions ;4CAF50;Ball;3.652.307;2.155.487;-0.658642
020cb034-5dd7-4e0b-a797-753c4d3e4fa6;Environmental Understanding;8BC34A;Diamond;3.997.275;2.042.843;-0.4498711
5af25373-f3fc-4166-999b-e87942647322;Selflove;4CAF50;Ball;3.817.261;2.121.453;-0.2354069
5a33c4c6-74c5-4321-b919-fb271f2c750f;More Rolemodels ;4CAF50;Ball;3.790.455;2.011.281;-0.02736397
489fa3c4-b286-4f5d-b9c1-16cacada477e;Mental Health;4CAF50;Ball;2.596.847;0.4972181;-1.608.388
861e780c-5189-4fdf-97e6-7eb0cfd3b4c4;Stress;673AB7;Ball;2.504.184;0.3158584;-1.268.786
43c65b3a-d22f-4503-b146-fd354ce4e898;Alcohol Addiction;FFFDFD;Ball;1.929.182;0.2132742;-1.580.109
99fc6020-2529-4b67-9db7-215ab3f44d28;Anxiety;8BC34A;Ball;241.633;0.3040748;-1.447.894
7694afd2-9e2f-4883-b52a-8d8b862f6396;No Motivation;B9322B;Star;2.413.105;0.1554229;-1.779.281
b9affa1c-db1f-4c48-9c6e-9d39d2bac95e;Suicide;8BC34A;Ball;2.247.512;0.133791;-1.408.473
c30007f3-4343-4377-a7f5-8bd7d8eeb437;Hurting Others (Genocide);FFFDFD;Ball;1.904.125;0.2924244;-1.842.235
c584ea54-414d-41d3-9081-d40ac648cd41;I'm;B9322B;Star;2.838.727;-0.1635244;-2.089.425
8e3ee133-e259-442e-a70f-b1e1a17df0bd;Don't Compare;B9322B;Star;3.123.556;0.5056331;-1.284.994
45052fca-c657-4255-9259-aa4897be3a69;Pressure To Succeed;673AB7;Ball;2.940.431;0.4730425;-132.905
c7e424fd-f85b-4a9b-bf49-60a56fbf1ede;Sleeplessness;8BC34A;Ball;2.197.157;0.3247552;-152.275
d5a3abb1-6bd0-4b24-b138-89f7172e1ab0;Failing in Life;FFFDFD;Ball;206.092;0.1134114;-1.701.496
b188bac6-71d6-459e-924e-a86db7706867;Taboo Topic;673AB7;Ball;2.615.712;0.2679286;-112.443
36c1e60e-2428-4a42-a9ad-6634b1ade1c1;Unemployed;8BC34A;Ball;2.744.413;0.07488108;-1.522.049
9fa3c3c2-73d8-4829-8c59-0ae943a3fd89;Crime;8BC34A;Ball;2.415.709;0.4810815;-1.079.167
6655c783-0fbb-4657-854a-055740b0c329;Burn Out;B9322B;Star;217.567;0.00755167;-1.903.597
98bb0552-7f4f-427a-92ae-ee92650714b0;Unrealistic Expectations;673AB7;Ball;2.769.058;0.1277609;-1.136.901
91c22faf-1ea9-41be-a164-9007f8f1c5de;Regret;8BC34A;Ball;2.313.119;0.05623221;-1.646.061
3aa0d6c6-80c9-4163-b684-3d620d7e8ebf;Depression;B9322B;Star;2.582.479;-0.04782093;-1.734.534
e071a08f-45a3-4949-8bdf-bd571e279624;No Social Media;8BC34A;Ball;3.059.847;0.625402;-1.115.555
c2f4631f-ecb1-4626-9b2a-b81b8d64db32;Emergency Hotline;8BC34A;Ball;3.027.676;0.3786614;-1.063.062
d3618001-ccea-4abd-a818-6fcb546fec20;Know That Everyone Has a Definition Of Success;B9322B;Star;3.092.494;0.414041;-1.385.874
7a480c10-d57a-433e-adbf-9c7be2f0aa0e;Mental Health;4CAF50;Ball;0.6373202;1.531.023;-121.381
d41e27f4-92cd-46a1-ac90-f1d309ac5f0d;Not Enough Attention;B9322B;Star;0.4280398;1.277.648;-0.7332488
d9e07759-a957-45b6-bd5c-6add2d2967b1;Stress;673AB7;Diamond;0.7316993;1.057.438;-1.043.226
70d8cdac-d1b2-4a33-b4c5-efb371ab071a;Stress;FFFDFD;Cylinder;-0.1518345;0.401298;-0.4665083
581de31b-e966-4555-b9ec-4bad9b51b09b;Not Affordable;B9322B;Star;0.4773671;1.268.783;-0.9597121
fd3d68a9-4736-407e-88ac-b7a0e5f8fda5;Family Issues;673AB7;Diamond;0.4986008;1.007.266;-0.7097027
7cf72920-a9b3-4a71-b230-fcf1a97ed9d9;Lifestyle;673AB7;Diamond;0.654952;1.120.457;-0.8996744
cd555fed-214a-4273-a587-62c4b6e334e8;Depression;FFFDFD;Cylinder;-0.236847;0.3983421;-0.5260335
1eab8654-990d-40b1-8536-b8eb16048e45;Social Pressure;B9322B;Star;-0.03630328;1.040.631;-0.9233845
15877cdd-2f16-4b0c-bbc6-1d7bad03918c;Social Media;673AB7;Diamond;0.215962;0.9940987;-0.6388732
259fb2b1-6710-42bd-87e4-bcfb077accea;Expectations;673AB7;Diamond;0.5418931;0.7988074;-0.9461658
e85ecfa4-cd10-4141-8607-a976c195a58f;Social Media;FFFDFD;Cylinder;-0.3086496;0.4104424;-0.5718574
9d5ca045-9653-484d-97bc-7efbd982db4f;Academia;673AB7;Diamond;0.4816947;0.8282204;-0.7905329
845d4875-39f4-47d3-8d21-d4a749a99650;Pressure;673AB7;Diamond;0.7309409;0.7924256;-0.9780363
90422553-ae4e-495a-9e81-fce0a26ccadd;Adulting;673AB7;Diamond;0.6604077;1.172.994;-1.130.172
38d95670-633f-4f24-bd2c-132ea992b5b5;Pressure;673AB7;Diamond;0.7232085;0.801172;-0.9828768
5eb589ee-7516-4269-ac06-d68d1b7223a4;Support;673AB7;Diamond;-0.5850831;109.303;-0.800563
9248356d-b643-438b-827f-d62ea4e5669f;Solution ;B9322B;Star;-0.3239069;107.193;-0.8776462
a3a66241-23b0-44a8-9438-cb327feb16be;Improve Education;B9322B;Star;-0.5842861;0.8719099;-0.9750154
e83ce960-706f-49be-a626-f1de630986e7;Be Brave To Be Yourself;FFFDFD;Cylinder;-0.262782;0.8977249;-0.6263624
1a468d7c-6d01-4a9c-9d5f-87c7266828e6;Understanding;673AB7;Diamond;-0.7343063;0.9249744;-0.9023664
3620317a-c7ef-45a4-be90-e8b52fb41337;Increase Attention;B9322B;Star;-0.5864658;0.8389904;-1.147.993
62ed087c-e498-475e-b698-4273ce584415;Empathy;673AB7;Diamond;-0.7318971;0.9970577;-0.8192092
1729d026-f5a9-4b5e-b102-cadc3613cac5;Mental Health;4CAF50;Ball;-0.8575965;-0.5470325;-0.7871065
52ec17fe-7800-4336-bfcb-e4e82b428ddf;Depression;585115;Star;-0.8908872;-0.6708847;-112.549
f76f2105-71f5-40bd-80ac-b38859944ded;Stress;00BCD4;Star;-0.6563814;0.3708968;-0.712689
9fa5b2a6-b5fb-4095-bfb4-c807d8363d5e;Cry;C66115;Star;-1.228.443;-0.4078995;-0.4405532
73816638-f5d9-43f5-8bfe-83e91d49b936;Anger;F44336;Star;-0.7194096;-0.742466;-0.9922076
e89f5ce9-f1dc-4e54-bc7b-51db80d1cf19;Happy;C66115;Star;-1.412.405;-0.3481994;-0.07837091
b53a186e-9a86-4713-bd5a-df4b5259dd53;Sad;C66115;Star;-1.294.671;-0.5289406;0.1726878
bc91ce5d-c1d1-4aaf-96f8-5882fe895e43;Responsibility;673AB7;Star;-0.8155038;-0.8920991;-0.7492661
0121b177-4441-421c-b72f-49778f56fb23;Poor Relationship;F44336;Star;0.1657135;-0.8681235;0.07089411
dfa90d0b-652c-47f6-85ae-59c14a4c08e7;Low Confidence;C66115;Star;-1.087.203;-0.748548;-0.3565007
612152ef-06ff-4078-b880-50f8300dd418;Deadline;E91E63;Star;-0.233024;-0.09557414;-0.7482396
b28f0640-e5ad-48c2-9ca7-709d105aeeb9;Writing Paper;C66115;Star;-0.2891098;0.06313396;-0.3667219
92337d2a-f680-4d90-83ad-c6065ec49dc6;Headaches;E91E63;Star;-0.5303235;-0.8545767;-0.744197
18ec31e7-6e09-438f-be44-a1884040edcd;Outlook;C66115;Star;-0.9362628;-0.8502437;-0.02441527
d7f053a3-95c5-4e6b-a1e7-b0bf5a59ce26;Weight;C66115;Star;-0.8602235;-0.7254207;0.1833355
43c01772-32a2-4f18-b91f-9d1b1703d031;Achievement;4CAF50;Box;-0.5485594;-0.1109673;-0.9334042
acc19522-7da6-4d82-8e69-5cd81f0815a7;Relationship With Others;C66115;Star;-1.239.754;-0.8245794;-0.9150116
946525db-db33-4ee5-bbb3-5e81909dd1f6;Solution 1: Put Away Everything And Rest;4CAF50;Box;-0.9227825;0.52967;-0.9357564
352a2b75-f267-4778-9d1a-d4edf0510f68;Find Someone To Talk to;673AB7;Box;-1.070.355;0.9822366;-1.239.585
e93dfa00-3028-4a9c-9612-ee760a0a8dfa;Play Video Game;4CAF50;Box;-1.473.596;0.3746939;-1.135.361
db14297f-1840-41af-836e-1c69a28442d5;Close Eyes;4CAF50;Box;-1.023.798;0.7379937;-0.6769853
6a486e7d-006d-4b37-a79e-2713ebf27082;Enjoy Good Food;673AB7;Box;0.04310068;0.6450877;-0.7139651
60c7a493-93eb-4cfb-9756-b2196e1e2aa1;Cry;4CAF50;Box;-0.9001338;0.7374101;-0.8185782
cc69d124-b6a5-47cb-8520-e9d56955a277;Do Some Entertainment ;4CAF50;Box;-10.128;0.9353013;-0.9049014
777ab3a4-60c4-4c0d-b062-09aa75c91372;Listen To Music;4CAF50;Box;-1.189.931;0.6586809;-0.8433257
38f01061-0cfb-44e6-b31f-151d23d405bc;Go To The Park For Some Walk Or Take A Rest;673AB7;Box;-0.07840464;0.3923483;-0.8268459
71187fb1-d227-4d74-b807-57d9e2174d8b;Hangout;4CAF50;Box;-1.191.405;0.5677822;-1.381.378
cf0cf566-24ed-4646-aff2-20bab1a874c4;Time Management;4CAF50;Box;-0.9456981;0.2085841;-0.6757069
b13be14c-c418-420a-b11e-ff948f535622;To Have A Party XD;673AB7;Box;-0.8473448;0.6089201;-1.300.104
c4c0ce07-476c-4d36-83a7-525174401f14;Watch Videos Or Movies;4CAF50;Box;-1.472.436;0.6414633;-0.9929399
5fc22c97-2457-4073-ad3a-ded6705dfcef;Do Some Sports;FFFDFD;Plus;-0.2868105;0.7649741;-1.025.953
a8596ec3-2a24-4e9c-89d5-641feef7ffa6;Shopping;FFFDFD;Plus;-0.4155687;0.9282961;-1.187.649
30abf579-b42f-42f7-b01d-0382dc04748d;Talk To Mom;FFFDFD;Plus;-0.5555515;0.8141723;-1.309.183
d5f78b12-14e8-4d26-a430-1143b748241c;Web Surfing;4CAF50;Box;-1.082.661;0.5093675;-104.535
7b92128f-7366-4761-b31b-e90cfdfe533e;Stop Selfblame;F44336;Star;-0.7228618;-0.6556619;-0.3211778
2238307f-f55d-47e0-a3ca-c22129b5c930;Analyze the Reasons;F44336;Star;-0.6257576;-0.7177645;-0.2945611
f6f8b081-3d3c-4f24-92d2-97a556990dcb;Talk With Someone;F44336;Star;-0.8177941;-0.4271799;-0.6331648
cf92f534-156c-4a58-ba06-7880d91fbe22;Pray;F44336;Star;-0.857972;-0.3139775;-0.4459924
36769d00-7013-4841-908f-359f69ae5d63;Go Exercise;F44336;Star;-0.9035894;-0.3361559;-0.2894166